{
  "project_info": {
    "project_number": "852923762780",
    "project_id": "ejerbotones12-a3b636ec",
    "storage_bucket": "ejerbotones12-a3b636ec.firebasestorage.app"
  },
  "client": [
    {
      "client_info": {
        "mobilesdk_app_id": "1:852923762780:android:1add8b0ca1aafcde497e99",
        "android_client_info": {
          "package_name": "com.mycompany.apptareas"
        }
      },
      "oauth_client": [],
      "api_key": [
        {
          "current_key": "AIzaSyDowyVDj-tFA7QV5tr_igVVKS4nqh-xDWs"
        }
      ],
      "services": {
        "appinvite_service": {
          "other_platform_oauth_client": []
        }
      }
    }
  ],
  "configuration_version": "1"
}